Col,Id,Legend,Chain,Fill
1,ALA 190,35,A,Hydro
1,ALA 199,44,A,Hydro
1,ALA 207,52,A,Hydro
1,ALA 211,56,A,Hydro
1,ALA 240,85,A,Hydro
1,ALA 251,96,A,Hydro
1,ARG 201,46,A,Hydro
1,ARG 210,55,A,Hydro
1,ARG 217,62,A,Hydro
1,ARG 233,78,A,Hydro
1,ARG 367,212,A,Hydro
1,ASN 366,211,A,Hydro
1,ASP 216,61,A,Hydro
1,ASP 226,71,A,Hydro
1,ASP 238,83,A,Hydro
1,CYX 244,89,A,Hydro
1,CYX 350,195,A,Hydro
1,GLN 193,38,A,Hydro
1,GLN 194,39,A,Hydro
1,GLN 198,43,A,Hydro
1,GLN 245,90,A,Hydro
1,GLN 355,200,A,Hydro
1,GLU 235,80,A,Hydro
1,GLU 237,82,A,Hydro
1,GLU 351,196,A,Hydro
1,GLY 197,42,A,Hydro
1,GLY 206,51,A,Hydro
1,GLY 213,58,A,Hydro
1,GLY 220,65,A,Hydro
1,GLY 222,67,A,Hydro
1,GLY 224,69,A,Hydro
1,GLY 248,93,A,Hydro
1,GLY 356,201,A,Hydro
1,HIE 354,199,A,Hydro
1,ILE 204,49,A,Hydro
1,ILE 214,59,A,Hydro
1,ILE 231,76,A,Hydro
1,ILE 252,97,A,Hydro
1,LEU 189,34,A,Hydro
1,LEU 202,47,A,Hydro
1,LEU 203,48,A,Hydro
1,LEU 229,74,A,Hydro
1,LEU 234,79,A,Hydro
1,LEU 357,202,A,Hydro
1,LYS 195,40,A,Hydro
1,LYS 246,91,A,Hydro
1,LYS 363,208,A,Hydro
1,PHE 218,63,A,Hydro
1,PHE 227,72,A,Hydro
1,PHE 239,84,A,Hydro
1,PHE 365,210,A,Hydro
1,PRO 196,41,A,Hydro
1,PRO 200,45,A,Hydro
1,PRO 215,60,A,Hydro
1,PRO 236,81,A,Hydro
1,PRO 360,205,A,Hydro
1,SER 185,30,A,Hydro
1,SER 186,31,A,Hydro
1,SER 187,32,A,Hydro
1,SER 208,53,A,Hydro
1,SER 219,64,A,Hydro
1,SER 221,66,A,Hydro
1,SER 223,68,A,Hydro
1,SER 232,77,A,Hydro
1,SER 250,95,A,Hydro
1,SER 358,203,A,Hydro
1,SER 359,204,A,Hydro
1,SER 364,209,A,Hydro
1,THR 209,54,A,Hydro
1,THR 212,57,A,Hydro
1,THR 225,70,A,Hydro
1,THR 228,73,A,Hydro
1,THR 230,75,A,Hydro
1,THR 249,94,A,Hydro
1,THR 353,198,A,Hydro
1,THR 362,207,A,Hydro
1,TRP 191,36,A,Hydro
1,TYR 188,33,A,Hydro
1,TYR 192,37,A,Hydro
1,TYR 205,50,A,Hydro
1,TYR 242,87,A,Hydro
1,TYR 243,88,A,Hydro
1,TYR 247,92,A,Hydro
1,VAL 241,86,A,Hydro
1,VAL 352,197,A,Hydro
1,VAL 361,206,A,Hydro
2,ALA  28,2201,C,Hydro
2,ALA  35,2208,C,Hydro
2,ALA  45,2218,C,Hydro
2,ARG  36,2209,C,Hydro
2,ARG  42,2215,C,Hydro
2,ARG  47,2220,C,Hydro
2,ARG 131,2304,C,Hydro
2,ARG 134,2307,C,Hydro
2,ASN  25,2198,C,Hydro
2,ASN  44,2217,C,Hydro
2,ASN  51,2224,C,Hydro
2,ASN  52,2225,C,Hydro
2,ASN 104,2277,C,Hydro
2,ASN 113,2286,C,Hydro
2,ASN 122,2295,C,Hydro
2,ASP  60,2233,C,Hydro
2,ASP  94,2267,C,Hydro
2,ASP 115,2288,C,Hydro
2,ASP 125,2298,C,Hydro
2,GLN  40,2213,C,Hydro
2,GLN  49,2222,C,Hydro
2,GLN  58,2231,C,Hydro
2,GLN  62,2235,C,Hydro
2,GLN  73,2246,C,Hydro
2,GLN  93,2266,C,Hydro
2,GLN  97,2270,C,Hydro
2,GLN 103,2276,C,Hydro
2,GLN 111,2284,C,Hydro
2,GLN 114,2287,C,Hydro
2,GLN 138,2311,C,Hydro
2,GLN 143,2316,C,Hydro
2,GLU  55,2228,C,Hydro
2,GLU  86,2259,C,Hydro
2,GLY  41,2214,C,Hydro
2,GLY  69,2242,C,Hydro
2,GLY  74,2247,C,Hydro
2,GLY  95,2268,C,Hydro
2,GLY 105,2278,C,Hydro
2,GLY 112,2285,C,Hydro
2,HID 136,2309,C,Hydro
2,HID 142,2315,C,Hydro
2,HIE  38,2211,C,Hydro
2,HIE  96,2269,C,Hydro
2,ILE  26,2199,C,Hydro
2,ILE  89,2262,C,Hydro
2,ILE 135,2308,C,Hydro
2,LEU  37,2210,C,Hydro
2,LEU  39,2212,C,Hydro
2,LEU  57,2230,C,Hydro
2,LEU  78,2251,C,Hydro
2,LEU  79,2252,C,Hydro
2,LEU  88,2261,C,Hydro
2,LEU 100,2273,C,Hydro
2,LEU 124,2297,C,Hydro
2,LEU 128,2301,C,Hydro
2,LEU 129,2302,C,Hydro
2,LEU 133,2306,C,Hydro
2,LYS  34,2207,C,Hydro
2,LYS  54,2227,C,Hydro
2,LYS  63,2236,C,Hydro
2,LYS  66,2239,C,Hydro
2,LYS  76,2249,C,Hydro
2,LYS  85,2258,C,Hydro
2,LYS 106,2279,C,Hydro
2,LYS 108,2281,C,Hydro
2,MET  65,2238,C,Hydro
2,MET  82,2255,C,Hydro
2,PHE  23,2196,C,Hydro
2,PHE  27,2200,C,Hydro
2,PHE  61,2234,C,Hydro
2,PHE  87,2260,C,Hydro
2,PHE 101,2274,C,Hydro
2,PHE 102,2275,C,Hydro
2,PHE 110,2283,C,Hydro
2,PHE 117,2290,C,Hydro
2,PRO  32,2205,C,Hydro
2,PRO  48,2221,C,Hydro
2,PRO  53,2226,C,Hydro
2,PRO 119,2292,C,Hydro
2,PRO 126,2299,C,Hydro
2,PRO 127,2300,C,Hydro
2,PRO 137,2310,C,Hydro
2,SER  31,2204,C,Hydro
2,SER  33,2206,C,Hydro
2,SER  43,2216,C,Hydro
2,SER  77,2250,C,Hydro
2,SER  81,2254,C,Hydro
2,SER  90,2263,C,Hydro
2,SER  91,2264,C,Hydro
2,SER  92,2265,C,Hydro
2,SER 116,2289,C,Hydro
2,SER 123,2296,C,Hydro
2,SER 139,2312,C,Hydro
2,THR  24,2197,C,Hydro
2,THR  29,2202,C,Hydro
2,THR  64,2237,C,Hydro
2,THR  68,2241,C,Hydro
2,THR  71,2244,C,Hydro
2,THR  72,2245,C,Hydro
2,THR  80,2253,C,Hydro
2,THR  99,2272,C,Hydro
2,THR 118,2291,C,Hydro
2,THR 130,2303,C,Hydro
2,TRP  30,2203,C,Hydro
2,TRP  46,2219,C,Hydro
2,TRP  56,2229,C,Hydro
2,TRP  98,2271,C,Hydro
2,TRP 140,2313,C,Hydro
2,TYR  22,2195,C,Hydro
2,TYR  83,2256,C,Hydro
2,TYR 132,2305,C,Hydro
2,VAL  50,2223,C,Hydro
2,VAL  59,2232,C,Hydro
2,VAL  67,2240,C,Hydro
2,VAL  70,2243,C,Hydro
2,VAL  75,2248,C,Hydro
2,VAL  84,2257,C,Hydro
2,VAL 107,2280,C,Hydro
2,VAL 109,2282,C,Hydro
2,VAL 120,2293,C,Hydro
2,VAL 121,2294,C,Hydro
2,VAL 141,2314,C,Hydro
3,ALA 376,9,B,Hydro
3,ALA 383,16,B,Hydro
3,ALA 407,40,B,Hydro
3,ALA 428,61,B,Hydro
3,ALA 439,72,B,Hydro
3,ALA 446,79,B,Hydro
3,ALA 459,89,B,Hydro
3,ALA 464,94,B,Hydro
3,ARG 405,38,B,Hydro
3,ARG 429,62,B,Hydro
3,ARG 454,84,B,Hydro
3,ASN 444,77,B,Hydro
3,ASP 419,52,B,Hydro
3,ASP 440,73,B,Hydro
3,ASP 456,86,B,Hydro
3,ASP 457,87,B,Hydro
3,ASP 467,97,B,Hydro
3,ASP 469,99,B,Hydro
3,CYX 389,22,B,Hydro
3,CYX 463,93,B,Hydro
3,GLN 368,1,B,Hydro
3,GLN 370,3,B,Hydro
3,GLN 373,6,B,Hydro
3,GLN 406,39,B,Hydro
3,GLN 432,65,B,Hydro
3,GLU 377,10,B,Hydro
3,GLU 398,31,B,Hydro
3,GLU 413,46,B,Hydro
3,GLU 421,54,B,Hydro
3,GLU 424,57,B,Hydro
3,GLU 430,63,B,Hydro
3,GLU 449,82,B,Hydro
3,GLY 375,8,B,Hydro
3,GLY 382,15,B,Hydro
3,GLY 393,26,B,Hydro
3,GLY 409,42,B,Hydro
3,GLY 411,44,B,Hydro
3,GLY 416,49,B,Hydro
3,GLY 423,56,B,Hydro
3,GLY 433,66,B,Hydro
3,HIE 402,35,B,Hydro
3,ILE 426,59,B,Hydro
3,ILE 445,78,B,Hydro
3,LEU 371,4,B,Hydro
3,LEU 396,29,B,Hydro
3,LEU 399,32,B,Hydro
3,LEU 412,45,B,Hydro
3,LEU 450,83,B,Hydro
3,LEU 453,83C,B,Hydro
3,LYS 379,12,B,Hydro
3,LYS 380,13,B,Hydro
3,LYS 386,19,B,Hydro
3,LYS 390,23,B,Hydro
3,LYS 410,43,B,Hydro
3,MET 437,70,B,Hydro
3,MET 448,81,B,Hydro
3,PHE 418,51,B,Hydro
3,PHE 431,64,B,Hydro
3,PRO 381,14,B,Hydro
3,PRO 400,33,B,Hydro
3,PRO 408,41,B,Hydro
3,PRO 420,53,B,Hydro
3,PRO 466,96,B,Hydro
3,PRO 468,98,B,Hydro
3,SER 374,7,B,Hydro
3,SER 384,17,B,Hydro
3,SER 388,21,B,Hydro
3,SER 392,25,B,Hydro
3,SER 417,50,B,Hydro
3,SER 422,55,B,Hydro
3,SER 425,58,B,Hydro
3,SER 434,67,B,Hydro
3,SER 442,75,B,Hydro
3,SER 451,83A,B,Hydro
3,SER 452,83B,B,Hydro
3,SER 455,85,B,Hydro
3,THR 395,28,B,Hydro
3,THR 397,30,B,Hydro
3,THR 436,69,B,Hydro
3,THR 438,71,B,Hydro
3,THR 441,74,B,Hydro
3,THR 443,76,B,Hydro
3,THR 458,88,B,Hydro
3,TRP 403,36,B,Hydro
3,TRP 414,47,B,Hydro
3,TYR 394,27,B,Hydro
3,TYR 427,60,B,Hydro
3,TYR 447,80,B,Hydro
3,TYR 461,91,B,Hydro
3,TYR 462,92,B,Hydro
3,VAL 369,2,B,Hydro
3,VAL 372,5,B,Hydro
3,VAL 378,11,B,Hydro
3,VAL 385,18,B,Hydro
3,VAL 387,20,B,Hydro
3,VAL 391,24,B,Hydro
3,VAL 401,34,B,Hydro
3,VAL 404,37,B,Hydro
3,VAL 415,48,B,Hydro
3,VAL 435,68,B,Hydro
3,VAL 460,90,B,Hydro
3,VAL 465,95,B,Hydro
